Fold,Precision_Validation,Recall_Validation,F1-Score_Validation,Accuracy_Validation,Precision_Test,Recall_Test,F1-Score_Test,Accuracy_Test
1,0.9001702049674742,0.8990458775797568,0.8991393428639667,0.8954703832752613,0.5773050148050148,0.5185693301997649,0.49693832490632345,0.5279187817258884
2,0.8989374431158397,0.8961497171711911,0.89697283600134,0.8902439024390244,0.5583962182322838,0.5096194952716692,0.4948093936129509,0.5203045685279187
3,0.9018535241535401,0.9068992704377249,0.9039486330217744,0.9006968641114983,0.5845001558360604,0.556855100442057,0.538505760233621,0.565989847715736
4,0.900082081591868,0.9004452526206879,0.8997965864746349,0.8989547038327527,0.6241707643202208,0.5822862458732024,0.5621578099838969,0.5939086294416244
5,0.8894524411915679,0.8929759214804148,0.890389403209916,0.8885017421602788,0.6665663617396886,0.6233831346874825,0.5956053726034256,0.631979695431472
