Technique,Train Time (s),Precision,Recall,F1-Score,Accuracy
plateau_lr,213.8270092010498,0.7891719840609877,0.6943847574282356,0.666062615127583,0.7081218274111675
